Region,total_sales,avg_profit
South,18757.22,46.914576
West,42865.97,39.402331
Central,45844.08,-5.952409
East,32638.60,11.118301
